col1,col2,col3
0.32574122383229087,0.44674861091884344,0.7005597963516313
0.37031640065373495,0.2792234208594644,0.5554045396925751
0.9534961794914395,0.8905985941949521,0.709548403196545
